tasks,k,method,normalized_accuracy,mean_raw_accuracy
Cars|DTD,2,weight_averaging,0.8999858637263217,0.6935
Cars|DTD,2,task_arithmetic,0.8145219920029081,0.627
Cars|DTD,2,ties,0.7550840098550022,0.5805
Cars|EuroSAT,2,weight_averaging,0.9612290862290862,0.846
Cars|EuroSAT,2,task_arithmetic,0.904869154869155,0.795
Cars|EuroSAT,2,ties,0.7776169026169026,0.6735
Cars|GTSRB,2,weight_averaging,0.9324486429749588,0.8160000000000001
Cars|GTSRB,2,task_arithmetic,0.8467322151532679,0.7330000000000001
Cars|GTSRB,2,ties,0.6945702932545037,0.5865
Cars|MNIST,2,weight_averaging,0.9728617068135623,0.8554999999999999
Cars|MNIST,2,task_arithmetic,0.932458751917127,0.82
Cars|MNIST,2,ties,0.8479890730392234,0.742
Cars|RESISC45,2,weight_averaging,0.9241915300006587,0.796
Cars|RESISC45,2,task_arithmetic,0.8787679202616963,0.754
Cars|RESISC45,2,ties,0.7956486421216711,0.6779999999999999
Cars|SUN397,2,weight_averaging,0.9543248852641117,0.706
Cars|SUN397,2,task_arithmetic,0.9365262065538309,0.6925
Cars|SUN397,2,ties,0.8854139261597825,0.6545000000000001
Cars|SVHN,2,weight_averaging,0.9515684051398337,0.8274999999999999
Cars|SVHN,2,task_arithmetic,0.8704459561602419,0.752
Cars|SVHN,2,ties,0.728968253968254,0.6174999999999999
DTD|EuroSAT,2,weight_averaging,0.9102442136793282,0.8195
DTD|EuroSAT,2,task_arithmetic,0.8190423247675156,0.7395
DTD|EuroSAT,2,ties,0.6773643872880514,0.6065
DTD|GTSRB,2,weight_averaging,0.8962653624666481,0.8025
DTD|GTSRB,2,task_arithmetic,0.781420300604712,0.6970000000000001
DTD|GTSRB,2,ties,0.5849107869497584,0.513
DTD|MNIST,2,weight_averaging,0.9226611131103233,0.8305
DTD|MNIST,2,task_arithmetic,0.8539486142907091,0.7729999999999999
DTD|MNIST,2,ties,0.738963072423377,0.6695
DTD|RESISC45,2,weight_averaging,0.8945696472501135,0.7865
DTD|RESISC45,2,task_arithmetic,0.8015491537592516,0.706
DTD|RESISC45,2,ties,0.6974214205019375,0.614
DTD|SUN397,2,weight_averaging,0.9117427916719385,0.687
DTD|SUN397,2,task_arithmetic,0.8608522064302082,0.647
DTD|SUN397,2,ties,0.7825727861892511,0.5865
DTD|SVHN,2,weight_averaging,0.8988095238095238,0.8
DTD|SVHN,2,task_arithmetic,0.791638105623929,0.7025
DTD|SVHN,2,ties,0.6288933894168354,0.5535
EuroSAT|GTSRB,2,weight_averaging,0.9163763966395546,0.9105000000000001
EuroSAT|GTSRB,2,task_arithmetic,0.8059977994188521,0.8009999999999999
EuroSAT|GTSRB,2,ties,0.6070351728246466,0.6035
EuroSAT|MNIST,2,weight_averaging,0.9724694604333521,0.9704999999999999
EuroSAT|MNIST,2,task_arithmetic,0.9088556962177825,0.907
EuroSAT|MNIST,2,ties,0.76960711965727,0.768
EuroSAT|RESISC45,2,weight_averaging,0.91959594449221,0.9035
EuroSAT|RESISC45,2,task_arithmetic,0.8795657690885907,0.8640000000000001
EuroSAT|RESISC45,2,ties,0.744815354773861,0.731
EuroSAT|SUN397,2,weight_averaging,0.9670098275070651,0.835
EuroSAT|SUN397,2,task_arithmetic,0.935788689241728,0.804
EuroSAT|SUN397,2,ties,0.8225863985532494,0.6930000000000001
EuroSAT|SVHN,2,weight_averaging,0.9333420154848726,0.9235
EuroSAT|SVHN,2,task_arithmetic,0.8259453330881903,0.8175
EuroSAT|SVHN,2,ties,0.6343052235909379,0.628
GTSRB|MNIST,2,weight_averaging,0.9625780174531693,0.9555
GTSRB|MNIST,2,task_arithmetic,0.8716630661214413,0.8654999999999999
GTSRB|MNIST,2,ties,0.698076517000394,0.6935
GTSRB|RESISC45,2,weight_averaging,0.9184130730592841,0.8965000000000001
GTSRB|RESISC45,2,task_arithmetic,0.8092567238396022,0.7895000000000001
GTSRB|RESISC45,2,ties,0.630365212424614,0.614
GTSRB|SUN397,2,weight_averaging,0.9596819290044065,0.822
GTSRB|SUN397,2,task_arithmetic,0.8850152101460622,0.7475
GTSRB|SUN397,2,ties,0.7257280739034155,0.5945
GTSRB|SVHN,2,weight_averaging,0.9573287614640997,0.942
GTSRB|SVHN,2,task_arithmetic,0.8771089812443196,0.863
GTSRB|SVHN,2,ties,0.6099272907543585,0.6000000000000001
MNIST|RESISC45,2,weight_averaging,0.9554456939282578,0.9375
MNIST|RESISC45,2,task_arithmetic,0.9000643007861759,0.8835
MNIST|RESISC45,2,ties,0.782465654224083,0.768
MNIST|SUN397,2,weight_averaging,0.9820441988950276,0.8474999999999999
MNIST|SUN397,2,task_arithmetic,0.9613509035393473,0.828
MNIST|SUN397,2,ties,0.8782078279036003,0.7484999999999999
MNIST|SVHN,2,weight_averaging,0.9683847460749596,0.9575
MNIST|SVHN,2,task_arithmetic,0.9302673326100751,0.9199999999999999
MNIST|SVHN,2,ties,0.7789659795713673,0.771
RESISC45|SUN397,2,weight_averaging,0.9372807821920635,0.7905
RESISC45|SUN397,2,task_arithmetic,0.9130636619976616,0.7649999999999999
RESISC45|SUN397,2,ties,0.8292336260058228,0.688
RESISC45|SVHN,2,weight_averaging,0.9375878567194513,0.9115
RESISC45|SVHN,2,task_arithmetic,0.8319015157930392,0.8085
RESISC45|SVHN,2,ties,0.6579515623676857,0.639
SUN397|SVHN,2,weight_averaging,0.9724123350997858,0.8285
SUN397|SVHN,2,task_arithmetic,0.9015503438944639,0.7609999999999999
SUN397|SVHN,2,ties,0.7637585973615966,0.6295
Cars|DTD|EuroSAT,3,weight_averaging,0.8498417537857742,0.7243333333333334
Cars|DTD|EuroSAT,3,task_arithmetic,0.8355467426714246,0.7120000000000001
Cars|DTD|EuroSAT,3,ties,0.7158139600887692,0.601
Cars|DTD|GTSRB,3,weight_averaging,0.8185189981761564,0.691
Cars|DTD|GTSRB,3,task_arithmetic,0.7986218591213904,0.673
Cars|DTD|GTSRB,3,ties,0.6603869261897922,0.5443333333333333
Cars|DTD|MNIST,3,weight_averaging,0.8642367285223335,0.7386666666666667
Cars|DTD|MNIST,3,task_arithmetic,0.851998727445041,0.7283333333333334
Cars|DTD|MNIST,3,ties,0.7596930194436453,0.6456666666666667
Cars|DTD|RESISC45,3,weight_averaging,0.8319438669549003,0.6960000000000001
Cars|DTD|RESISC45,3,task_arithmetic,0.818073015012717,0.6846666666666666
Cars|DTD|RESISC45,3,ties,0.7337793032998549,0.611
Cars|DTD|SUN397,3,weight_averaging,0.8604701253788175,0.648
Cars|DTD|SUN397,3,task_arithmetic,0.8522335238029782,0.6416666666666667
Cars|DTD|SUN397,3,ties,0.7975151361519152,0.5993333333333334
Cars|DTD|SVHN,3,weight_averaging,0.8312020256222364,0.6996666666666668
Cars|DTD|SVHN,3,task_arithmetic,0.8085772561781286,0.6796666666666668
Cars|DTD|SVHN,3,ties,0.6850685368860577,0.5673333333333334
Cars|EuroSAT|GTSRB,3,weight_averaging,0.8390627952031461,0.7646666666666667
Cars|EuroSAT|GTSRB,3,task_arithmetic,0.8235378235378236,0.75
Cars|EuroSAT|GTSRB,3,ties,0.669905687449547,0.5993333333333334
Cars|EuroSAT|MNIST,3,weight_averaging,0.9091998694974288,0.8353333333333334
Cars|EuroSAT|MNIST,3,task_arithmetic,0.8963330718596515,0.8236666666666667
Cars|EuroSAT|MNIST,3,ties,0.7764251929246915,0.7060000000000001
Cars|EuroSAT|RESISC45,3,weight_averaging,0.8762235857671543,0.7956666666666666
Cars|EuroSAT|RESISC45,3,task_arithmetic,0.8679645363601104,0.7879999999999999
Cars|EuroSAT|RESISC45,3,ties,0.7543444452158145,0.6773333333333333
Cars|EuroSAT|SUN397,3,weight_averaging,0.9166541574460544,0.7583333333333334
Cars|EuroSAT|SUN397,3,task_arithmetic,0.9098616506535476,0.7513333333333333
Cars|EuroSAT|SUN397,3,ties,0.8143875920119014,0.661
Cars|EuroSAT|SVHN,3,weight_averaging,0.8576951100760625,0.7803333333333334
Cars|EuroSAT|SVHN,3,task_arithmetic,0.8330572068667307,0.7566666666666667
Cars|EuroSAT|SVHN,3,ties,0.6860465908084956,0.6126666666666667
Cars|GTSRB|MNIST,3,weight_averaging,0.8786241139573066,0.8036666666666666
Cars|GTSRB|MNIST,3,task_arithmetic,0.8653219474631078,0.7896666666666666
Cars|GTSRB|MNIST,3,ties,0.7257413390769599,0.6543333333333333
Cars|GTSRB|RESISC45,3,weight_averaging,0.835465804218079,0.7516666666666666
Cars|GTSRB|RESISC45,3,task_arithmetic,0.8214456149594827,0.738
Cars|GTSRB|RESISC45,3,ties,0.68808282987143,0.609
Cars|GTSRB|SUN397,3,weight_averaging,0.8895450226990403,0.7263333333333334
Cars|GTSRB|SUN397,3,task_arithmetic,0.8791580405421638,0.7160000000000001
Cars|GTSRB|SUN397,3,ties,0.7507685845865549,0.596
Cars|GTSRB|SVHN,3,weight_averaging,0.8845968196845391,0.8033333333333333
Cars|GTSRB|SVHN,3,task_arithmetic,0.8697791997290745,0.7883333333333334
Cars|GTSRB|SVHN,3,ties,0.6673454086987922,0.592
Cars|MNIST|RESISC45,3,weight_averaging,0.9001431853428369,0.8163333333333332
Cars|MNIST|RESISC45,3,task_arithmetic,0.8913537321735637,0.8083333333333332
Cars|MNIST|RESISC45,3,ties,0.79497144385655,0.7160000000000001
Cars|MNIST|SUN397,3,weight_averaging,0.9381846661521783,0.7773333333333333
Cars|MNIST|SUN397,3,task_arithmetic,0.9329327249191816,0.7719999999999999
Cars|MNIST|SUN397,3,ties,0.8529138650030793,0.6986666666666667
Cars|MNIST|SVHN,3,weight_averaging,0.9196511176259946,0.8406666666666668
Cars|MNIST|SVHN,3,task_arithmetic,0.9108423784833968,0.832
Cars|MNIST|SVHN,3,ties,0.78492953033957,0.711
Cars|RESISC45|SUN397,3,weight_averaging,0.894931134208088,0.726
Cars|RESISC45|SUN397,3,task_arithmetic,0.8911879126225428,0.7226666666666667
Cars|RESISC45|SUN397,3,ties,0.8208483976558223,0.6603333333333333
Cars|RESISC45|SVHN,3,weight_averaging,0.8553694660590532,0.7686666666666667
Cars|RESISC45|SVHN,3,task_arithmetic,0.837119000051227,0.7506666666666667
Cars|RESISC45|SVHN,3,ties,0.7093640130095377,0.6276666666666667
Cars|SUN397|SVHN,3,weight_averaging,0.90861949445217,0.7423333333333334
Cars|SUN397|SVHN,3,task_arithmetic,0.8920673896732828,0.7266666666666666
Cars|SUN397|SVHN,3,ties,0.7779519174152165,0.6206666666666667
DTD|EuroSAT|GTSRB,3,weight_averaging,0.7984612235315328,0.742
DTD|EuroSAT|GTSRB,3,task_arithmetic,0.7755540770138333,0.7203333333333334
DTD|EuroSAT|GTSRB,3,ties,0.6002647087754895,0.552
DTD|EuroSAT|MNIST,3,weight_averaging,0.8568249238772259,0.8026666666666666
DTD|EuroSAT|MNIST,3,task_arithmetic,0.8446844326850759,0.7909999999999999
DTD|EuroSAT|MNIST,3,ties,0.6988905775979465,0.6526666666666667
DTD|EuroSAT|RESISC45,3,weight_averaging,0.8378353013302808,0.7743333333333333
DTD|EuroSAT|RESISC45,3,task_arithmetic,0.8242210197696772,0.7616666666666667
DTD|EuroSAT|RESISC45,3,ties,0.6896200282087119,0.6346666666666666
DTD|EuroSAT|SUN397,3,weight_averaging,0.8728420370660963,0.7320000000000001
DTD|EuroSAT|SUN397,3,task_arithmetic,0.8571278073794487,0.718
DTD|EuroSAT|SUN397,3,ties,0.7381269162263919,0.6083333333333334
DTD|EuroSAT|SVHN,3,weight_averaging,0.8080043849218694,0.7486666666666667
DTD|EuroSAT|SVHN,3,task_arithmetic,0.7906619191242964,0.7319999999999999
DTD|EuroSAT|SVHN,3,ties,0.6164074574652546,0.5670000000000001
DTD|GTSRB|MNIST,3,weight_averaging,0.8340224467532668,0.7783333333333333
DTD|GTSRB|MNIST,3,task_arithmetic,0.8184277415283008,0.7636666666666666
DTD|GTSRB|MNIST,3,ties,0.654190816036135,0.607
DTD|GTSRB|RESISC45,3,weight_averaging,0.8020356882408,0.735
DTD|GTSRB|RESISC45,3,task_arithmetic,0.7844662096086205,0.7186666666666667
DTD|GTSRB|RESISC45,3,ties,0.6183362841471799,0.5626666666666666
DTD|GTSRB|SUN397,3,weight_averaging,0.8475763966353499,0.7036666666666666
DTD|GTSRB|SUN397,3,task_arithmetic,0.8263935998470714,0.6846666666666668
DTD|GTSRB|SUN397,3,ties,0.6841632199005748,0.5523333333333333
DTD|GTSRB|SVHN,3,weight_averaging,0.8367112066159302,0.7759999999999999
DTD|GTSRB|SVHN,3,task_arithmetic,0.8169737250320388,0.7566666666666667
DTD|GTSRB|SVHN,3,ties,0.5986165501834445,0.5473333333333333
DTD|MNIST|RESISC45,3,weight_averaging,0.8538904205710299,0.789
DTD|MNIST|RESISC45,3,task_arithmetic,0.8347352396495248,0.7723333333333334
DTD|MNIST|RESISC45,3,ties,0.7200265402262275,0.666
DTD|MNIST|SUN397,3,weight_averaging,0.8941483563432154,0.7520000000000001
DTD|MNIST|SUN397,3,task_arithmetic,0.882258147974258,0.7416666666666667
DTD|MNIST|SUN397,3,ties,0.7835471301274429,0.6533333333333333
DTD|MNIST|SVHN,3,weight_averaging,0.8684260402679017,0.8096666666666666
DTD|MNIST|SVHN,3,task_arithmetic,0.8546063950449955,0.797
DTD|MNIST|SVHN,3,ties,0.7196903523226549,0.6696666666666666
DTD|RESISC45|SUN397,3,weight_averaging,0.8514245099749735,0.701
DTD|RESISC45|SUN397,3,task_arithmetic,0.8448357915010821,0.6953333333333332
DTD|RESISC45|SUN397,3,ties,0.7580235854138699,0.6196666666666667
DTD|RESISC45|SVHN,3,weight_averaging,0.8133064831520014,0.7436666666666666
DTD|RESISC45|SVHN,3,task_arithmetic,0.7880577528489039,0.7203333333333334
DTD|RESISC45|SVHN,3,ties,0.6449631830813476,0.587
DTD|SUN397|SVHN,3,weight_averaging,0.8576808308973006,0.7103333333333334
DTD|SUN397|SVHN,3,task_arithmetic,0.8389586681115025,0.6936666666666667
DTD|SUN397|SVHN,3,ties,0.7099480077130594,0.5766666666666667
EuroSAT|GTSRB|MNIST,3,weight_averaging,0.8432990509219195,0.839
EuroSAT|GTSRB|MNIST,3,task_arithmetic,0.8261696159468425,0.8220000000000001
EuroSAT|GTSRB|MNIST,3,ties,0.6671219544004566,0.664
EuroSAT|GTSRB|RESISC45,3,weight_averaging,0.8234358358111725,0.8103333333333333
EuroSAT|GTSRB|RESISC45,3,task_arithmetic,0.8049615585649654,0.7919999999999999
EuroSAT|GTSRB|RESISC45,3,ties,0.6376045705411651,0.6266666666666666
EuroSAT|GTSRB|SUN397,3,weight_averaging,0.8652973960233824,0.7760000000000001
EuroSAT|GTSRB|SUN397,3,task_arithmetic,0.8520907763662441,0.763
EuroSAT|GTSRB|SUN397,3,ties,0.699241082031622,0.6110000000000001
EuroSAT|GTSRB|SVHN,3,weight_averaging,0.825733264455069,0.8163333333333332
EuroSAT|GTSRB|SVHN,3,task_arithmetic,0.8081344502397134,0.799
EuroSAT|GTSRB|SVHN,3,ties,0.5975437692229673,0.5910000000000001
EuroSAT|MNIST|RESISC45,3,weight_averaging,0.8924104066498747,0.8813333333333334
EuroSAT|MNIST|RESISC45,3,task_arithmetic,0.8708606148012888,0.86
EuroSAT|MNIST|RESISC45,3,ties,0.7454502610974795,0.7356666666666666
EuroSAT|MNIST|SUN397,3,weight_averaging,0.93258950038035,0.8446666666666666
EuroSAT|MNIST|SUN397,3,task_arithmetic,0.9202694324833303,0.8330000000000001
EuroSAT|MNIST|SUN397,3,ties,0.8021344504592592,0.7153333333333333
EuroSAT|MNIST|SVHN,3,weight_averaging,0.8759700912301572,0.8690000000000001
EuroSAT|MNIST|SVHN,3,task_arithmetic,0.8668671687537809,0.86
EuroSAT|MNIST|SVHN,3,ties,0.7153040761747835,0.71
EuroSAT|RESISC45|SUN397,3,weight_averaging,0.8912492668118782,0.7966666666666667
EuroSAT|RESISC45|SUN397,3,task_arithmetic,0.8891632533322699,0.7936666666666667
EuroSAT|RESISC45|SUN397,3,ties,0.7861479557241537,0.6920000000000001
EuroSAT|RESISC45|SVHN,3,weight_averaging,0.8333673640332404,0.8180000000000001
EuroSAT|RESISC45|SVHN,3,task_arithmetic,0.8130449457558725,0.798
EuroSAT|RESISC45|SVHN,3,ties,0.6550976894980057,0.6423333333333333
EuroSAT|SUN397|SVHN,3,weight_averaging,0.8766011492004653,0.7856666666666667
EuroSAT|SUN397|SVHN,3,task_arithmetic,0.858255852349512,0.7676666666666666
EuroSAT|SUN397|SVHN,3,ties,0.7112943627281959,0.6226666666666667
GTSRB|MNIST|RESISC45,3,weight_averaging,0.8463216209123728,0.8326666666666668
GTSRB|MNIST|RESISC45,3,task_arithmetic,0.8311614908674597,0.8176666666666667
GTSRB|MNIST|RESISC45,3,ties,0.6842083133952847,0.6726666666666666
GTSRB|MNIST|SUN397,3,weight_averaging,0.9074790991924334,0.8173333333333334
GTSRB|MNIST|SUN397,3,task_arithmetic,0.89140351281026,0.8016666666666667
GTSRB|MNIST|SUN397,3,ties,0.7439950517144442,0.6566666666666667
GTSRB|MNIST|SVHN,3,weight_averaging,0.9063405576557816,0.8959999999999999
GTSRB|MNIST|SVHN,3,task_arithmetic,0.8924906601707682,0.8823333333333334
GTSRB|MNIST|SVHN,3,ties,0.7053275514112913,0.6976666666666667
GTSRB|RESISC45|SUN397,3,weight_averaging,0.8662841947914686,0.7666666666666666
GTSRB|RESISC45|SUN397,3,task_arithmetic,0.8501036919006778,0.7506666666666667
GTSRB|RESISC45|SUN397,3,ties,0.7146836520722711,0.619
GTSRB|RESISC45|SVHN,3,weight_averaging,0.8471959902949203,0.8283333333333333
GTSRB|RESISC45|SVHN,3,task_arithmetic,0.8251635769465614,0.8066666666666666
GTSRB|RESISC45|SVHN,3,ties,0.6252302648006638,0.6103333333333333
GTSRB|SUN397|SVHN,3,weight_averaging,0.9111053695193604,0.8153333333333334
GTSRB|SUN397|SVHN,3,task_arithmetic,0.8916024047125282,0.7959999999999999
GTSRB|SUN397|SVHN,3,ties,0.6898763970213312,0.5993333333333334
MNIST|RESISC45|SUN397,3,weight_averaging,0.9234423887880602,0.8250000000000001
MNIST|RESISC45|SUN397,3,task_arithmetic,0.9147383712158307,0.8163333333333332
MNIST|RESISC45|SUN397,3,ties,0.8129192775364217,0.719
MNIST|RESISC45|SVHN,3,weight_averaging,0.8846776901681985,0.8683333333333333
MNIST|RESISC45|SVHN,3,task_arithmetic,0.8741231074599586,0.858
MNIST|RESISC45|SVHN,3,ties,0.7409634299913317,0.7273333333333333
MNIST|SUN397|SVHN,3,weight_averaging,0.9380655609855838,0.8453333333333334
MNIST|SUN397|SVHN,3,task_arithmetic,0.9284446812079038,0.836
MNIST|SUN397|SVHN,3,ties,0.8103837520755599,0.7210000000000001
RESISC45|SUN397|SVHN,3,weight_averaging,0.8768527204100502,0.7753333333333333
RESISC45|SUN397|SVHN,3,task_arithmetic,0.8650437355657973,0.7633333333333333
RESISC45|SUN397|SVHN,3,ties,0.7371647588450112,0.64
Cars|DTD|EuroSAT|GTSRB,4,weight_averaging,0.7559496417220403,0.66525
Cars|DTD|EuroSAT|GTSRB,4,task_arithmetic,0.7879707568839751,0.69575
Cars|DTD|EuroSAT|GTSRB,4,ties,0.6400088487774305,0.55475
Cars|DTD|EuroSAT|MNIST,4,weight_averaging,0.8226248572770007,0.73275
Cars|DTD|EuroSAT|MNIST,4,task_arithmetic,0.8449980457247488,0.753
Cars|DTD|EuroSAT|MNIST,4,ties,0.719965112632619,0.63475
Cars|DTD|EuroSAT|RESISC45,4,weight_averaging,0.8028017298827537,0.7065
Cars|DTD|EuroSAT|RESISC45,4,task_arithmetic,0.8255608462800189,0.72725
Cars|DTD|EuroSAT|RESISC45,4,ties,0.7111477223704425,0.62025
Cars|DTD|EuroSAT|SUN397,4,weight_averaging,0.8380612077129517,0.68425
Cars|DTD|EuroSAT|SUN397,4,task_arithmetic,0.8530686764866049,0.69725
Cars|DTD|EuroSAT|SUN397,4,ties,0.7528465628609022,0.6055
Cars|DTD|EuroSAT|SVHN,4,weight_averaging,0.7737526980166021,0.67975
Cars|DTD|EuroSAT|SVHN,4,task_arithmetic,0.7984505419892551,0.703
Cars|DTD|EuroSAT|SVHN,4,ties,0.6542565797609418,0.56675
Cars|DTD|GTSRB|MNIST,4,weight_averaging,0.7880145841111905,0.6975
Cars|DTD|GTSRB|MNIST,4,task_arithmetic,0.8154575091250676,0.7235
Cars|DTD|GTSRB|MNIST,4,ties,0.6853009550467131,0.5995
Cars|DTD|GTSRB|RESISC45,4,weight_averaging,0.7502244467906868,0.65325
Cars|DTD|GTSRB|RESISC45,4,task_arithmetic,0.7830783993048371,0.6835
Cars|DTD|GTSRB|RESISC45,4,ties,0.6638324066237175,0.57175
Cars|DTD|GTSRB|SUN397,4,weight_averaging,0.7971537228135044,0.642
Cars|DTD|GTSRB|SUN397,4,task_arithmetic,0.8178400387695874,0.6625000000000001
Cars|DTD|GTSRB|SUN397,4,ties,0.71260332295073,0.56375
Cars|DTD|GTSRB|SVHN,4,weight_averaging,0.7797003778658775,0.68475
Cars|DTD|GTSRB|SVHN,4,task_arithmetic,0.8098365922449031,0.714
Cars|DTD|GTSRB|SVHN,4,ties,0.6454042399617215,0.55675
Cars|DTD|MNIST|RESISC45,4,weight_averaging,0.8097730054838731,0.71375
Cars|DTD|MNIST|RESISC45,4,task_arithmetic,0.8314113697259845,0.733
Cars|DTD|MNIST|RESISC45,4,ties,0.736663130335689,0.64575
Cars|DTD|MNIST|SUN397,4,weight_averaging,0.8526835980727457,0.69875
Cars|DTD|MNIST|SUN397,4,task_arithmetic,0.8665547658410435,0.711
Cars|DTD|MNIST|SUN397,4,ties,0.786414981191278,0.639
Cars|DTD|MNIST|SVHN,4,weight_averaging,0.8315061866112784,0.7375
Cars|DTD|MNIST|SVHN,4,task_arithmetic,0.8525186734784449,0.757
Cars|DTD|MNIST|SVHN,4,ties,0.7323361873165728,0.6447499999999999
Cars|DTD|RESISC45|SUN397,4,weight_averaging,0.8175266458113124,0.6575
Cars|DTD|RESISC45|SUN397,4,task_arithmetic,0.8277115186852508,0.66675
Cars|DTD|RESISC45|SUN397,4,ties,0.7685541630765572,0.615
Cars|DTD|RESISC45|SVHN,4,weight_averaging,0.7651835957073132,0.66525
Cars|DTD|RESISC45|SVHN,4,task_arithmetic,0.7966528915508992,0.69425
Cars|DTD|RESISC45|SVHN,4,ties,0.675069427430998,0.58175
Cars|DTD|SUN397|SVHN,4,weight_averaging,0.8114755098661754,0.653
Cars|DTD|SUN397|SVHN,4,task_arithmetic,0.8405361983124264,0.67925
Cars|DTD|SUN397|SVHN,4,ties,0.7337409406473192,0.58325
Cars|EuroSAT|GTSRB|MNIST,4,weight_averaging,0.7993571893396367,0.7445
Cars|EuroSAT|GTSRB|MNIST,4,task_arithmetic,0.8255690880704079,0.77075
Cars|EuroSAT|GTSRB|MNIST,4,ties,0.6894730554393754,0.63625
Cars|EuroSAT|GTSRB|RESISC45,4,weight_averaging,0.7807700661899177,0.7202500000000001
Cars|EuroSAT|GTSRB|RESISC45,4,task_arithmetic,0.8099036131903571,0.7495
Cars|EuroSAT|GTSRB|RESISC45,4,ties,0.6741917855425171,0.615
Cars|EuroSAT|GTSRB|SUN397,4,weight_averaging,0.8205896920457839,0.7025
Cars|EuroSAT|GTSRB|SUN397,4,task_arithmetic,0.8495536713950498,0.73075
Cars|EuroSAT|GTSRB|SUN397,4,ties,0.7171242422950769,0.6012500000000001
Cars|EuroSAT|GTSRB|SVHN,4,weight_averaging,0.7765465757007111,0.71875
Cars|EuroSAT|GTSRB|SVHN,4,task_arithmetic,0.8068822488935271,0.749
Cars|EuroSAT|GTSRB|SVHN,4,ties,0.6353525683412902,0.58
Cars|EuroSAT|MNIST|RESISC45,4,weight_averaging,0.8482734309426003,0.78825
Cars|EuroSAT|MNIST|RESISC45,4,task_arithmetic,0.8670367039005111,0.8065
Cars|EuroSAT|MNIST|RESISC45,4,ties,0.7542448172681716,0.6957500000000001
Cars|EuroSAT|MNIST|SUN397,4,weight_averaging,0.8872786401259252,0.7695000000000001
Cars|EuroSAT|MNIST|SUN397,4,task_arithmetic,0.9051470657975255,0.7865
Cars|EuroSAT|MNIST|SUN397,4,ties,0.7957603602570271,0.6805
Cars|EuroSAT|MNIST|SVHN,4,weight_averaging,0.8370596450031182,0.78075
Cars|EuroSAT|MNIST|SVHN,4,task_arithmetic,0.8557159171842508,0.79875
Cars|EuroSAT|MNIST|SVHN,4,ties,0.7293149716867298,0.67425
Cars|EuroSAT|RESISC45|SUN397,4,weight_averaging,0.8608383032857483,0.739
Cars|EuroSAT|RESISC45|SUN397,4,task_arithmetic,0.8721668694947048,0.75
Cars|EuroSAT|RESISC45|SUN397,4,ties,0.7877792383406079,0.66725
Cars|EuroSAT|RESISC45|SVHN,4,weight_averaging,0.7947228274510432,0.73175
Cars|EuroSAT|RESISC45|SVHN,4,task_arithmetic,0.817657234039866,0.7545
Cars|EuroSAT|RESISC45|SVHN,4,ties,0.6829170403785105,0.6225
Cars|EuroSAT|SUN397|SVHN,4,weight_averaging,0.832302681247038,0.71225
Cars|EuroSAT|SUN397|SVHN,4,task_arithmetic,0.8535719703241409,0.733
Cars|EuroSAT|SUN397|SVHN,4,ties,0.7284032171759086,0.61175
Cars|GTSRB|MNIST|RESISC45,4,weight_averaging,0.8015408545727938,0.7405
Cars|GTSRB|MNIST|RESISC45,4,task_arithmetic,0.8251707980713462,0.764
Cars|GTSRB|MNIST|RESISC45,4,ties,0.709656883114346,0.64975
Cars|GTSRB|MNIST|SUN397,4,weight_averaging,0.8541315193135659,0.73475
Cars|GTSRB|MNIST|SUN397,4,task_arithmetic,0.8750412289972523,0.75625
Cars|GTSRB|MNIST|SUN397,4,ties,0.7580703508255173,0.64125
Cars|GTSRB|MNIST|SVHN,4,weight_averaging,0.8553028413245343,0.79675
Cars|GTSRB|MNIST|SVHN,4,task_arithmetic,0.8707165446262437,0.8125
Cars|GTSRB|MNIST|SVHN,4,ties,0.7198675263107281,0.663
Cars|GTSRB|RESISC45|SUN397,4,weight_averaging,0.8220225706522143,0.696
Cars|GTSRB|RESISC45|SUN397,4,task_arithmetic,0.8393777171198626,0.71325
Cars|GTSRB|RESISC45|SUN397,4,ties,0.7319677577804851,0.6102500000000001
Cars|GTSRB|RESISC45|SVHN,4,weight_averaging,0.7914423939257809,0.7265
Cars|GTSRB|RESISC45|SVHN,4,task_arithmetic,0.8147286841933209,0.75
Cars|GTSRB|RESISC45|SVHN,4,ties,0.6653636152403819,0.603
Cars|GTSRB|SUN397|SVHN,4,weight_averaging,0.8478339785945819,0.7245
Cars|GTSRB|SUN397|SVHN,4,task_arithmetic,0.8722429253859695,0.74875
Cars|GTSRB|SUN397|SVHN,4,ties,0.7161161194917893,0.5972500000000001
Cars|MNIST|RESISC45|SUN397,4,weight_averaging,0.8815895452234845,0.7562500000000001
Cars|MNIST|RESISC45|SUN397,4,task_arithmetic,0.8920979953923125,0.76725
Cars|MNIST|RESISC45|SUN397,4,ties,0.8097455447029861,0.6885
Cars|MNIST|RESISC45|SVHN,4,weight_averaging,0.8453236493666318,0.78125
Cars|MNIST|RESISC45|SVHN,4,task_arithmetic,0.8638909606190821,0.79925
Cars|MNIST|RESISC45|SVHN,4,ties,0.7502229647420258,0.68875
Cars|MNIST|SUN397|SVHN,4,weight_averaging,0.8929810062812267,0.7715000000000001
Cars|MNIST|SUN397|SVHN,4,task_arithmetic,0.907313216433187,0.786
Cars|MNIST|SUN397|SVHN,4,ties,0.804841791172409,0.687
Cars|RESISC45|SUN397|SVHN,4,weight_averaging,0.8311988662893945,0.70375
Cars|RESISC45|SUN397|SVHN,4,task_arithmetic,0.8511677316619727,0.7235
Cars|RESISC45|SUN397|SVHN,4,ties,0.7471510249255323,0.62425
DTD|EuroSAT|GTSRB|MNIST,4,weight_averaging,0.7621868375066851,0.7225
DTD|EuroSAT|GTSRB|MNIST,4,task_arithmetic,0.793975337649777,0.75325
DTD|EuroSAT|GTSRB|MNIST,4,ties,0.6332022696643881,0.59775
DTD|EuroSAT|GTSRB|RESISC45,4,weight_averaging,0.7475607463194964,0.7005
DTD|EuroSAT|GTSRB|RESISC45,4,task_arithmetic,0.7775609204296883,0.72975
DTD|EuroSAT|GTSRB|RESISC45,4,ties,0.6194584049003453,0.57775
DTD|EuroSAT|GTSRB|SUN397,4,weight_averaging,0.7842811825400131,0.6805
DTD|EuroSAT|GTSRB|SUN397,4,task_arithmetic,0.8100070859734096,0.70575
DTD|EuroSAT|GTSRB|SUN397,4,ties,0.6631728865040242,0.56425
DTD|EuroSAT|GTSRB|SVHN,4,weight_averaging,0.7455268706545755,0.70175
DTD|EuroSAT|GTSRB|SVHN,4,task_arithmetic,0.7728340181182688,0.72875
DTD|EuroSAT|GTSRB|SVHN,4,ties,0.5836694895309944,0.5455
DTD|EuroSAT|MNIST|RESISC45,4,weight_averaging,0.8078518990336274,0.7625
DTD|EuroSAT|MNIST|RESISC45,4,task_arithmetic,0.828970179661819,0.7825
DTD|EuroSAT|MNIST|RESISC45,4,ties,0.6961113945408662,0.656
DTD|EuroSAT|MNIST|SUN397,4,weight_averaging,0.8470549235502012,0.7442500000000001
DTD|EuroSAT|MNIST|SUN397,4,task_arithmetic,0.8664727618883246,0.7625
DTD|EuroSAT|MNIST|SUN397,4,ties,0.7426908441851071,0.64475
DTD|EuroSAT|MNIST|SVHN,4,weight_averaging,0.8012038797215484,0.75925
DTD|EuroSAT|MNIST|SVHN,4,task_arithmetic,0.8279110464356223,0.7847500000000001
DTD|EuroSAT|MNIST|SVHN,4,ties,0.6745911623414498,0.6375
DTD|EuroSAT|RESISC45|SUN397,4,weight_averaging,0.8251758669822112,0.71675
DTD|EuroSAT|RESISC45|SUN397,4,task_arithmetic,0.8370594625293868,0.7285
DTD|EuroSAT|RESISC45|SUN397,4,ties,0.7284388192062353,0.62575
DTD|EuroSAT|RESISC45|SVHN,4,weight_averaging,0.7494650055607331,0.7015
DTD|EuroSAT|RESISC45|SVHN,4,task_arithmetic,0.78110068644844,0.7315
DTD|EuroSAT|RESISC45|SVHN,4,ties,0.6303326431949219,0.58775
DTD|EuroSAT|SUN397|SVHN,4,weight_averaging,0.7926034680758227,0.68725
DTD|EuroSAT|SUN397|SVHN,4,task_arithmetic,0.8200423305305307,0.713
DTD|EuroSAT|SUN397|SVHN,4,ties,0.6792337868165392,0.5795
DTD|GTSRB|MNIST|RESISC45,4,weight_averaging,0.7676750537242586,0.7212500000000001
DTD|GTSRB|MNIST|RESISC45,4,task_arithmetic,0.7952219206880367,0.748
DTD|GTSRB|MNIST|RESISC45,4,ties,0.6524365106919319,0.6115
DTD|GTSRB|MNIST|SUN397,4,weight_averaging,0.8145026943062396,0.7115
DTD|GTSRB|MNIST|SUN397,4,task_arithmetic,0.8425582156857947,0.738
DTD|GTSRB|MNIST|SUN397,4,ties,0.7040692575007556,0.60575
DTD|GTSRB|MNIST|SVHN,4,weight_averaging,0.8159042860554832,0.77325
DTD|GTSRB|MNIST|SVHN,4,task_arithmetic,0.833357788911152,0.7907500000000001
DTD|GTSRB|MNIST|SVHN,4,ties,0.663597894793204,0.6255
DTD|GTSRB|RESISC45|SUN397,4,weight_averaging,0.7813993116196462,0.671
DTD|GTSRB|RESISC45|SUN397,4,task_arithmetic,0.8065881966120231,0.69525
DTD|GTSRB|RESISC45|SUN397,4,ties,0.682936762924879,0.57825
DTD|GTSRB|RESISC45|SVHN,4,weight_averaging,0.755649489913622,0.70575
DTD|GTSRB|RESISC45|SVHN,4,task_arithmetic,0.7900793732614056,0.7384999999999999
DTD|GTSRB|RESISC45|SVHN,4,ties,0.611624399767505,0.56775
DTD|GTSRB|SUN397|SVHN,4,weight_averaging,0.808905117043499,0.7010000000000001
DTD|GTSRB|SUN397|SVHN,4,task_arithmetic,0.8388557573041758,0.73
DTD|GTSRB|SUN397|SVHN,4,ties,0.6592833971874401,0.55925
DTD|MNIST|RESISC45|SUN397,4,weight_averaging,0.837050769935822,0.728
DTD|MNIST|RESISC45|SUN397,4,task_arithmetic,0.8539749215445831,0.7435
DTD|MNIST|RESISC45|SUN397,4,ties,0.7561655381339316,0.65325
DTD|MNIST|RESISC45|SVHN,4,weight_averaging,0.802934011064257,0.75475
DTD|MNIST|RESISC45|SVHN,4,task_arithmetic,0.8274018406300591,0.7775
DTD|MNIST|RESISC45|SVHN,4,ties,0.6964775846886861,0.65375
DTD|MNIST|SUN397|SVHN,4,weight_averaging,0.8500066704271307,0.74475
DTD|MNIST|SUN397|SVHN,4,task_arithmetic,0.8693453298832098,0.763
DTD|MNIST|SUN397|SVHN,4,ties,0.7514363100939543,0.6525
DTD|RESISC45|SUN397|SVHN,4,weight_averaging,0.7932805898496181,0.681
DTD|RESISC45|SUN397|SVHN,4,task_arithmetic,0.8171040573986442,0.70325
DTD|RESISC45|SUN397|SVHN,4,ties,0.701348609621897,0.5952500000000001
EuroSAT|GTSRB|MNIST|RESISC45,4,weight_averaging,0.7809681940460523,0.77125
EuroSAT|GTSRB|MNIST|RESISC45,4,task_arithmetic,0.8088804892417849,0.7989999999999999
EuroSAT|GTSRB|MNIST|RESISC45,4,ties,0.6682047151432897,0.6595
EuroSAT|GTSRB|MNIST|SUN397,4,weight_averaging,0.8234895822596588,0.75775
EuroSAT|GTSRB|MNIST|SUN397,4,task_arithmetic,0.8438362790083078,0.77925
EuroSAT|GTSRB|MNIST|SUN397,4,ties,0.710559677025099,0.6445000000000001
EuroSAT|GTSRB|MNIST|SVHN,4,weight_averaging,0.7980138006617822,0.79075
EuroSAT|GTSRB|MNIST|SVHN,4,task_arithmetic,0.8160502309313404,0.8085
EuroSAT|GTSRB|MNIST|SVHN,4,ties,0.6611281398811282,0.6555
EuroSAT|GTSRB|RESISC45|SUN397,4,weight_averaging,0.7994926170902041,0.72775
EuroSAT|GTSRB|RESISC45|SUN397,4,task_arithmetic,0.8255495405492721,0.75375
EuroSAT|GTSRB|RESISC45|SUN397,4,ties,0.6927515015201988,0.621
EuroSAT|GTSRB|RESISC45|SVHN,4,weight_averaging,0.7520263171337174,0.739
EuroSAT|GTSRB|RESISC45|SVHN,4,task_arithmetic,0.7823915813316182,0.769
EuroSAT|GTSRB|RESISC45|SVHN,4,ties,0.6133450050509296,0.60225
EuroSAT|GTSRB|SUN397|SVHN,4,weight_averaging,0.7977385430008701,0.7285
EuroSAT|GTSRB|SUN397|SVHN,4,task_arithmetic,0.8267810256241279,0.7575000000000001
EuroSAT|GTSRB|SUN397|SVHN,4,ties,0.6588044635405788,0.5905
EuroSAT|MNIST|RESISC45|SUN397,4,weight_averaging,0.867523845591025,0.79625
EuroSAT|MNIST|RESISC45|SUN397,4,task_arithmetic,0.8831716391786693,0.812
EuroSAT|MNIST|RESISC45|SUN397,4,ties,0.7717284280916844,0.7010000000000001
EuroSAT|MNIST|RESISC45|SVHN,4,weight_averaging,0.8163523768689667,0.80475
EuroSAT|MNIST|RESISC45|SVHN,4,task_arithmetic,0.8383366894059092,0.8265
EuroSAT|MNIST|RESISC45|SVHN,4,ties,0.7046878030582999,0.6945
EuroSAT|MNIST|SUN397|SVHN,4,weight_averaging,0.8593069959204571,0.79125
EuroSAT|MNIST|SUN397|SVHN,4,task_arithmetic,0.8766158418791634,0.8089999999999999
EuroSAT|MNIST|SUN397|SVHN,4,ties,0.749496005370822,0.6825
EuroSAT|RESISC45|SUN397|SVHN,4,weight_averaging,0.807665301953276,0.73375
EuroSAT|RESISC45|SUN397|SVHN,4,task_arithmetic,0.8367617339142768,0.763
EuroSAT|RESISC45|SUN397|SVHN,4,ties,0.7064536991983471,0.6335000000000001
GTSRB|MNIST|RESISC45|SUN397,4,weight_averaging,0.826216406335723,0.7535000000000001
GTSRB|MNIST|RESISC45|SUN397,4,task_arithmetic,0.8485880720174148,0.7755
GTSRB|MNIST|RESISC45|SUN397,4,ties,0.7260262288876907,0.654
GTSRB|MNIST|RESISC45|SVHN,4,weight_averaging,0.8184959035930592,0.80475
GTSRB|MNIST|RESISC45|SVHN,4,task_arithmetic,0.8358293256579026,0.8220000000000001
GTSRB|MNIST|RESISC45|SVHN,4,ties,0.682246941010874,0.6705
GTSRB|MNIST|SUN397|SVHN,4,weight_averaging,0.8787010463772587,0.8085
GTSRB|MNIST|SUN397|SVHN,4,task_arithmetic,0.8880911205647758,0.8195
GTSRB|MNIST|SUN397|SVHN,4,ties,0.7371983230897343,0.669
GTSRB|RESISC45|SUN397|SVHN,4,weight_averaging,0.810450997285109,0.734
GTSRB|RESISC45|SUN397|SVHN,4,task_arithmetic,0.8439843732347533,0.767
GTSRB|RESISC45|SUN397|SVHN,4,ties,0.6824644645061232,0.60825
MNIST|RESISC45|SUN397|SVHN,4,weight_averaging,0.8656682515305079,0.7905
MNIST|RESISC45|SUN397|SVHN,4,task_arithmetic,0.882972662360579,0.80775
MNIST|RESISC45|SUN397|SVHN,4,ties,0.7718950615405146,0.6985
